,name,enc
0,asdf,"[-0.05993685498833656, 0.07248948514461517, 0.0005187727510929108, -0.0391189381480217, -0.03758503869175911, -0.028010550886392593, 0.013143640011548996, -0.1549106389284134, 0.18691274523735046, -0.08999788761138916, 0.246954545378685, 0.04770033434033394, -0.28675922751426697, -0.09188160300254822, -0.02819409966468811, 0.08666528016328812, -0.14999547600746155, -0.19357067346572876, -0.06937523186206818, -0.026958690956234932, 0.025483813136816025, 0.026500560343265533, 0.05861816182732582, 0.05918586254119873, -0.14956094324588776, -0.376507431268692, -0.14985854923725128, -0.10465551912784576, -0.028942469507455826, -0.10149485617876053, -0.031031174585223198, 0.07253742218017578, -0.1664503663778305, -0.04811200499534607, -0.0016077561303973198, 0.018025249242782593, -0.028449660167098045, -0.03292742744088173, 0.22141215205192566, 0.0891479030251503, -0.2030494064092636, -0.023376494646072388, 0.011601022444665432, 0.2958108186721802, 0.2166312336921692, 0.025471333414316177, 0.02661997452378273, -0.0739956870675087, 0.032187920063734055, -0.21278488636016846, 0.09816235303878784, 0.1313217580318451, 0.13193200528621674, 0.04485528916120529, 0.07176410406827927, -0.15406639873981476, -0.0493415929377079, 0.09301591664552689, -0.21754896640777588, 0.03643909469246864, 0.0030306363478302956, -0.14305222034454346, -0.026644151657819748, -0.026532236486673355, 0.2051815390586853, 0.12272103130817413, -0.12394092231988907, -0.06322099268436432, 0.22780944406986237, -0.1529436558485031, -0.07478409260511398, 0.048650357872247696, -0.12310142070055008, -0.20428341627120972, -0.31048882007598877, 0.05900590866804123, 0.4474303722381592, 0.11536063998937607, -0.15288597345352173, 0.021056849509477615, -0.0656932145357132, -0.030147410929203033, 0.05949857831001282, 0.07640234380960464, -0.10130973160266876, -0.007467035204172134, -0.0976410061120987, 0.07581576704978943, 0.15733957290649414, 0.03207755833864212, -0.11884471774101257, 0.17475174367427826, -0.06452834606170654, 0.059080179780721664, 0.12788821756839752, 0.12954798340797424, -0.03901541605591774, 0.016051847487688065, -0.13692599534988403, 0.04866218939423561, 0.018751896917819977, -0.09635306149721146, -0.009914247319102287, 0.10263592004776001, -0.09436867386102676, 0.08640742301940918, 0.03758690133690834, -0.08075517416000366, -0.030902013182640076, 0.0025419488083571196, -0.10568183660507202, -0.05236511677503586, 0.10872853547334671, -0.3434552848339081, 0.2223661243915558, 0.15646570920944214, -0.02832530066370964, 0.18199996650218964, -0.007494782097637653, 0.04987392947077751, -0.037827104330062866, -0.09841254353523254, -0.17771728336811066, -0.08590817451477051, 0.08869802206754684, 0.028667854145169258, 0.12592504918575287, 0.03023925982415676]"
1,asdf,"[-0.021267570555210114, 0.03278130665421486, 0.0043698945082724094, -0.05641124024987221, -0.02012568525969982, -0.026576440781354904, 0.01171756163239479, -0.1254936009645462, 0.20545001327991486, -0.12517713010311127, 0.2511165738105774, 0.03593869507312775, -0.26765650510787964, -0.08452589809894562, -0.04509732499718666, 0.05517187342047691, -0.165816992521286, -0.18628478050231934, -0.0674111470580101, -0.06041378527879715, 0.051505059003829956, 0.027520030736923218, -0.00022299418924376369, 0.04064083844423294, -0.18088841438293457, -0.33824092149734497, -0.15090389549732208, -0.09194668382406235, -0.00433703139424324, -0.0924704521894455, 0.024066057056188583, 0.1309105008840561, -0.1907973289489746, -0.041526004672050476, -0.012111028656363487, 0.022410275414586067, 0.011937811970710754, 0.0046761054545640945, 0.19747385382652283, 0.053105227649211884, -0.17461055517196655, -0.008876366540789604, 0.03736913576722145, 0.2745091915130615, 0.20339849591255188, 0.03077329695224762, -0.013324318453669548, -0.05647963285446167, 0.03760958090424538, -0.21792788803577423, 0.08684441447257996, 0.17472824454307556, 0.10379299521446228, 0.0816638246178627, 0.10123918950557709, -0.1422690898180008, -0.02208014391362667, 0.08837581425905228, -0.2034381926059723, 0.04313043877482414, -0.0008726650848984718, -0.10897445678710938, -0.010604944080114365, -0.02214954048395157, 0.13612401485443115, 0.06471002101898193, -0.09129154682159424, -0.09163011610507965, 0.22827567160129547, -0.1856185793876648, -0.07520006597042084, 0.07724286615848541, -0.11847773939371109, -0.18526950478553772, -0.30841317772865295, 0.05511685460805893, 0.4485187530517578, 0.16020426154136658, -0.12593324482440948, 0.08561694622039795, -0.0569424033164978, -0.06100635975599289, 0.08314716815948486, 0.0028329219203442335, -0.0838075578212738, -0.0056351106613874435, -0.0893128365278244, 0.09609154611825943, 0.15522436797618866, 0.07360851764678955, -0.09673049300909042, 0.18626399338245392, -0.06559163331985474, 0.03275740146636963, 0.12587012350559235, 0.1002451479434967, -0.033454764634370804, 0.009807273745536804, -0.15764550864696503, 0.039906252175569534, 0.021900733932852745, -0.09122420102357864, -0.01851893961429596, 0.10605927556753159, -0.09326469153165817, 0.10672792047262192, 0.0324535071849823, -0.06074390560388565, -0.039012059569358826, 0.05879690870642662, -0.12798407673835754, -0.03434865176677704, 0.13199734687805176, -0.3338828980922699, 0.20312322676181793, 0.13226786255836487, -0.027210287749767303, 0.1572105437517166, 0.010745588690042496, 0.06775413453578949, -0.05447682365775108, -0.11551991105079651, -0.17691035568714142, -0.11364322155714035, 0.05030803382396698, 0.01596326008439064, 0.1125086173415184, 0.028827670961618423]"
2,asdf,"[-0.019924113526940346, 0.09357384592294693, -0.017263641580939293, -0.023125359788537025, -0.02127884142100811, -0.052736733108758926, 0.008633916266262531, -0.0950213149189949, 0.16176031529903412, -0.05200328305363655, 0.25081467628479004, -0.008043329231441021, -0.25305086374282837, -0.10491888225078583, 0.006573764607310295, 0.04641826078295708, -0.19332630932331085, -0.17247286438941956, -0.06417041271924973, -0.049150750041007996, 0.07615379989147186, 0.01850835047662258, 0.06097788363695145, 0.02126656286418438, -0.1862780898809433, -0.3470607101917267, -0.14565891027450562, -0.07322220504283905, 0.05362342298030853, -0.11627543717622757, 0.02020369842648506, 0.06999784708023071, -0.21505211293697357, -0.07376401126384735, 0.018201377242803574, 0.05907154083251953, -0.013102331198751926, 0.010460574179887772, 0.19732919335365295, 0.006655579432845116, -0.16130097210407257, -0.0006742943078279495, 0.029229380190372467, 0.2920364439487457, 0.20393237471580505, 0.07408180087804794, -0.02462632581591606, -0.02150304988026619, 0.0033980084117501974, -0.2322465181350708, 0.12466169148683548, 0.14873169362545013, 0.10607746243476868, 0.06552796065807343, 0.08896666765213013, -0.1412983387708664, -0.04952418804168701, 0.11746951937675476, -0.17685484886169434, 0.05389535054564476, 0.01629708521068096, -0.10215406119823456, -0.033336713910102844, -0.05022403225302696, 0.16972410678863525, 0.059406429529190063, -0.1170601174235344, -0.07980545610189438, 0.19200152158737183, -0.1613767445087433, -0.05551917850971222, 0.09938263893127441, -0.08212291449308395, -0.18145158886909485, -0.3063919246196747, 0.05180345103144646, 0.443970263004303, 0.10778196901082993, -0.1751331090927124, 0.03787732496857643, -0.0009488444775342941, -0.011503503657877445, 0.08926577121019363, 0.024145500734448433, -0.0940248891711235, 0.030456028878688812, -0.14134594798088074, 0.10219692438840866, 0.1442515254020691, 0.02393926866352558, -0.12506555020809174, 0.17292247712612152, -0.06199175864458084, 0.09433170408010483, 0.13587430119514465, 0.09613188356161118, 0.00014529749751091003, -0.012896768748760223, -0.16964513063430786, 0.05007108673453331, 0.07017509639263153, -0.10394749045372009, -0.08246666193008423, 0.11051376163959503, -0.04050646349787712, 0.11159537732601166, 0.05298902839422226, -0.04543958231806755, -0.05145043879747391, 0.04052846133708954, -0.11214476823806763, -0.037783846259117126, 0.13428904116153717, -0.3599816560745239, 0.22070810198783875, 0.17063839733600616, -0.07075794786214828, 0.155155211687088, -0.0035725263878703117, 0.06569446623325348, -0.02326408214867115, -0.0793532282114029, -0.19131137430667877, -0.11381104588508606, 0.03342185914516449, 0.00206929724663496, 0.11002323776483536, 0.024185335263609886]"
3,asdf,"[-0.05427452176809311, 0.11382543295621872, -0.011362520046532154, -0.02740340679883957, -0.012546968646347523, -0.052144914865493774, 0.042739611119031906, -0.09170782566070557, 0.18911011517047882, -0.05812947452068329, 0.2519739270210266, -0.009723266586661339, -0.25702548027038574, -0.09390776604413986, -0.01512802392244339, 0.07031546533107758, -0.16238655149936676, -0.2068828046321869, -0.03394284099340439, -0.05760674178600311, 0.0824645534157753, -0.02311907708644867, -0.0004893033765256405, 0.048473186790943146, -0.18178106844425201, -0.31567925214767456, -0.12409377098083496, -0.09053929150104523, 0.026546195149421692, -0.12183848768472672, 0.02984234318137169, 0.07334142923355103, -0.18607638776302338, -0.052293453365564346, -0.003817310556769371, 0.06366537511348724, -0.00014457362703979015, 0.04303213953971863, 0.21705737709999084, 0.0013570403680205345, -0.1838645488023758, -0.02301087975502014, 0.04399240016937256, 0.30416691303253174, 0.1868492215871811, 0.05944111570715904, -0.02450420707464218, -0.031009932979941368, 0.003391965525224805, -0.2044561803340912, 0.13585078716278076, 0.14508232474327087, 0.12270861864089966, 0.06922320276498795, 0.09373819828033447, -0.1533011794090271, -0.05395171791315079, 0.1065596342086792, -0.20549291372299194, 0.058265794068574905, 0.030210021883249283, -0.13083621859550476, -0.034339554607868195, -0.03887476772069931, 0.19864574074745178, 0.07995676249265671, -0.10500279068946838, -0.08439064770936966, 0.23409299552440643, -0.16434842348098755, -0.07182994484901428, 0.07611224055290222, -0.06901848316192627, -0.1700594276189804, -0.3112022876739502, 0.08714821934700012, 0.44087475538253784, 0.13342776894569397, -0.14943251013755798, 0.08918718993663788, -0.002430375898256898, -0.021349893882870674, 0.10605388879776001, 0.03341571241617203, -0.10579444468021393, 0.03328089416027069, -0.12754563987255096, 0.08418507874011993, 0.11451207101345062, 0.050684958696365356, -0.11265614628791809, 0.13626427948474884, -0.08413714170455933, 0.07648840546607971, 0.12366140633821487, 0.08119641989469528, -0.02017609402537346, 0.017498742789030075, -0.16116133332252502, 0.023220550268888474, 0.05351726710796356, -0.09319819509983063, -0.029490318149328232, 0.1082567423582077, -0.05275430157780647, 0.0721013993024826, 0.04709503427147865, -0.027902014553546906, -0.06752245128154755, 0.0952354148030281, -0.10715051740407944, -0.04994317516684532, 0.11616712808609009, -0.3498260974884033, 0.23323139548301697, 0.1228233054280281, -0.07898648083209991, 0.14377713203430176, 0.035811856389045715, 0.07721881568431854, 0.004483658820390701, -0.09617586433887482, -0.18585266172885895, -0.07037081569433212, 0.05800500139594078, 0.006576640531420708, 0.14923293888568878, 0.05774674192070961]"
4,asdf,"[-0.07155357301235199, 0.08719433844089508, -0.0005919337272644043, -0.056976284831762314, 0.003844961291179061, -0.061168961226940155, 0.02486344799399376, -0.09590544551610947, 0.17779138684272766, -0.0580439530313015, 0.2556978762149811, 0.013689040206372738, -0.23588761687278748, -0.10989266633987427, -0.030319029465317726, 0.07040256261825562, -0.12945115566253662, -0.2047424465417862, -0.06307904422283173, -0.057059913873672485, 0.05988725274801254, -0.013655958697199821, -0.0022705355659127235, 0.05288328975439072, -0.1834915578365326, -0.31791338324546814, -0.11621664464473724, -0.07805567234754562, 0.02607746422290802, -0.09697244316339493, -0.010360202752053738, 0.06521926075220108, -0.2143663465976715, -0.07884297519922256, 0.020485222339630127, 0.10448665916919708, -0.003501494415104389, 0.03279539942741394, 0.18028578162193298, 0.011877459473907948, -0.1570349931716919, -0.003559696488082409, 0.020971503108739853, 0.2912595272064209, 0.20606330037117004, 0.07134447246789932, -0.014923663809895515, -0.03456350788474083, -0.0023491871543228626, -0.23868624866008759, 0.1387571096420288, 0.1304149329662323, 0.09976968169212341, 0.05433959141373634, 0.09910528361797333, -0.153305321931839, -0.03913837671279907, 0.1241096556186676, -0.20125575363636017, 0.05990147963166237, 0.013063400983810425, -0.1315828263759613, -0.05364833027124405, -0.05285670608282089, 0.18382389843463898, 0.0946260616183281, -0.1124807670712471, -0.06904874742031097, 0.24483531713485718, -0.17095480859279633, -0.04874071851372719, 0.02971024625003338, -0.05155695229768753, -0.18219518661499023, -0.3024498224258423, 0.10710863769054413, 0.408986359834671, 0.18135827779769897, -0.18670201301574707, 0.10502301156520844, 0.0009992665145546198, 0.01482576783746481, 0.11220962554216385, -0.004732225090265274, -0.10631857812404633, 0.04550016298890114, -0.12647229433059692, 0.053137511014938354, 0.13133040070533752, 0.07996082305908203, -0.0901816263794899, 0.1582840383052826, -0.09336186945438385, 0.06895169615745544, 0.1575862020254135, 0.06518720090389252, -0.02669227309525013, -0.004808946046978235, -0.1852002590894699, 0.03390137106180191, 0.054671015590429306, -0.10316768288612366, -0.029972383752465248, 0.10636244714260101, -0.055747583508491516, 0.07898209244012833, 0.016953416168689728, -0.03550402820110321, -0.056298673152923584, 0.06889639049768448, -0.11218002438545227, -0.05798685550689697, 0.12206632643938065, -0.31611377000808716, 0.24550287425518036, 0.1498178392648697, -0.04926813766360283, 0.1638495922088623, 0.07754264771938324, 0.05743701010942459, 0.01678861305117607, -0.0729813426733017, -0.18229196965694427, -0.09412166476249695, 0.061746690422296524, -0.024713184684515, 0.15060287714004517, 0.05895262211561203]"
5,asdf,"[-0.10265170782804489, 0.09504163265228271, 0.0009229099377989769, -0.03197579085826874, -0.010449170134961605, -0.060292139649391174, 3.423541784286499e-05, -0.08749863505363464, 0.16263578832149506, -0.05426301807165146, 0.2417813539505005, 0.0017167953774333, -0.2660250663757324, -0.12174110859632492, -0.024003375321626663, 0.09560438990592957, -0.1512523740530014, -0.20567280054092407, -0.07761216908693314, -0.07978122681379318, 0.054317787289619446, -0.024122122675180435, -0.022486502304673195, 0.05289311334490776, -0.13990187644958496, -0.3319410979747772, -0.11551927030086517, -0.05412048473954201, 0.013260168954730034, -0.09247735142707825, -0.0010038111358880997, 0.0744815468788147, -0.19774100184440613, -0.0738324522972107, 0.026271354407072067, 0.10367266833782196, 0.03958433121442795, 0.04777267575263977, 0.16034412384033203, 0.0008624177426099777, -0.16535328328609467, -0.012945882976055145, 0.0672103762626648, 0.2854849696159363, 0.19128160178661346, 0.10982503741979599, -0.02936641499400139, -0.034797921776771545, 0.020857924595475197, -0.22958751022815704, 0.13448908925056458, 0.16965845227241516, 0.14858771860599518, 0.057278312742710114, 0.08991051465272903, -0.17625238001346588, -0.022095385938882828, 0.09485496580600739, -0.20209041237831116, 0.03721562772989273, 0.03218483924865723, -0.11338454484939575, -0.06254618614912033, -0.03161200135946274, 0.19143757224082947, 0.11367713660001755, -0.1238722875714302, -0.08263963460922241, 0.25390347838401794, -0.15329495072364807, -0.040879957377910614, 0.052095927298069, -0.06601466983556747, -0.17141738533973694, -0.3052331507205963, 0.08688649535179138, 0.459658145904541, 0.15554900467395782, -0.19186720252037048, 0.06275390088558197, -0.04431283846497536, 0.0073284003883600235, 0.09243177622556686, -0.008205076679587364, -0.13436830043792725, 0.012080894783139229, -0.15053901076316833, 0.05147160589694977, 0.12005232274532318, 0.09234866499900818, -0.08934077620506287, 0.1449129283428192, -0.033445652574300766, 0.06263889372348785, 0.1328791379928589, 0.10735806822776794, -0.024857904762029648, -0.01933087408542633, -0.17894725501537323, 0.0002363184466958046, 0.05684585124254227, -0.100203737616539, -0.03225625678896904, 0.0890110656619072, -0.06823918968439102, 0.09333853423595428, 0.05184512585401535, -0.013223260641098022, -0.059681832790374756, 0.1024237796664238, -0.09590563178062439, -0.0522649884223938, 0.10808657109737396, -0.321327805519104, 0.2219635546207428, 0.1459573358297348, -0.05693534016609192, 0.1626998484134674, 0.05353648215532303, 0.10416368395090103, -0.004073377698659897, -0.12451566755771637, -0.14912199974060059, -0.12914474308490753, 0.03161970153450966, -0.013088392093777657, 0.13496513664722443, 0.07526624947786331]"
6,asdf,"[-0.09277861565351486, 0.0966133177280426, 0.012362867593765259, -0.02851223573088646, -0.011108695529401302, -0.0380176305770874, 0.0012664999812841415, -0.09295900911092758, 0.17308537662029266, -0.08675377070903778, 0.21845494210720062, -0.010893257334828377, -0.28012335300445557, -0.10144597291946411, -0.019979465752840042, 0.08494466543197632, -0.1513085961341858, -0.21531517803668976, -0.07080945372581482, -0.050687238574028015, 0.06661197543144226, -0.023349454626441002, -0.024416912347078323, 0.042015500366687775, -0.14353878796100616, -0.35536378622055054, -0.12439461052417755, -0.04880855977535248, 0.004960225895047188, -0.0694909542798996, 0.0051658013835549355, 0.06020625680685043, -0.18152473866939545, -0.05000891536474228, 0.005715319886803627, 0.11024846881628036, 0.027023382484912872, 0.03074328601360321, 0.16971997916698456, -0.017610475420951843, -0.17936749756336212, -0.02413419634103775, 0.039262525737285614, 0.2793371081352234, 0.15265317261219025, 0.09295636415481567, -0.029687881469726562, -0.04112660139799118, 0.021578915417194366, -0.20780260860919952, 0.13058853149414062, 0.17026348412036896, 0.1333431899547577, 0.07075116783380508, 0.0921967476606369, -0.17909544706344604, -0.022652730345726013, 0.107894167304039, -0.2193915992975235, 0.03045658767223358, -0.010527306236326694, -0.11834871023893356, -0.04309506341814995, -0.04420734569430351, 0.1991555094718933, 0.13820776343345642, -0.10730986297130585, -0.0932595431804657, 0.26384758949279785, -0.14709976315498352, -0.03760174289345741, 0.03143123537302017, -0.0792446881532669, -0.17318964004516602, -0.2831680476665497, 0.07261659950017929, 0.4531462490558624, 0.13465116918087006, -0.19420072436332703, 0.07134408503770828, -0.018463091924786568, -0.01822325773537159, 0.10787034034729004, 0.019283605739474297, -0.12341365218162537, 0.036924805492162704, -0.1302003711462021, 0.07066033035516739, 0.12362165749073029, 0.06104644387960434, -0.1038256511092186, 0.13060924410820007, -0.03947056084871292, 0.06164351850748062, 0.15164503455162048, 0.07644018530845642, -0.018629034981131554, 0.007345577701926231, -0.19542445242404938, 0.012270703911781311, 0.07122086733579636, -0.10120344161987305, -0.034579455852508545, 0.06931191682815552, -0.04667789489030838, 0.09296109527349472, 0.08059602230787277, -0.025900453329086304, -0.05097507685422897, 0.09726779162883759, -0.12288262695074081, -0.059101402759552, 0.13494598865509033, -0.3205103278160095, 0.2498430758714676, 0.12745614349842072, -0.06110411137342453, 0.1865634322166443, 0.04585019126534462, 0.1092439740896225, 0.006821667775511742, -0.11131784319877625, -0.1553748995065689, -0.11117143929004669, 0.06263124197721481, 0.010225162841379642, 0.14400909841060638, 0.07401025295257568]"
7,asdf,"[-0.08883409202098846, 0.08835909515619278, 0.02440742403268814, -0.0415397509932518, -0.012855146080255508, -0.03809976205229759, 0.00012829899787902832, -0.09790337830781937, 0.17851610481739044, -0.07092012465000153, 0.2558426856994629, -0.011469216085970402, -0.27416765689849854, -0.09265559166669846, -0.026681039482355118, 0.10856682062149048, -0.14401192963123322, -0.19888809323310852, -0.05744583159685135, -0.0363973006606102, 0.06708455830812454, -0.014781765639781952, -0.028516646474599838, 0.05758238583803177, -0.16224318742752075, -0.3464471399784088, -0.12133726477622986, -0.06939931958913803, -0.015851616859436035, -0.07977824658155441, 0.00047655031085014343, 0.07262717187404633, -0.19012190401554108, -0.051297664642333984, 0.018437974154949188, 0.10309483110904694, 0.028042439371347427, 0.03068144991993904, 0.17720545828342438, -0.005738338455557823, -0.18661917746067047, -0.024890111759305, 0.04875786229968071, 0.2640615403652191, 0.15316928923130035, 0.09981288760900497, -0.012739446014165878, -0.0189454797655344, 0.02337133325636387, -0.23467124998569489, 0.14557041227817535, 0.1404835730791092, 0.14084120094776154, 0.07360955327749252, 0.08794143795967102, -0.18248093128204346, -0.02660922333598137, 0.09841383993625641, -0.21311625838279724, 0.04609176889061928, 0.02338903769850731, -0.11417251080274582, -0.04200220853090286, -0.03273189440369606, 0.19541878998279572, 0.12878696620464325, -0.11510872095823288, -0.08179903030395508, 0.23956610262393951, -0.15102581679821014, -0.049617670476436615, 0.04826181009411812, -0.08324548602104187, -0.18151196837425232, -0.30880865454673767, 0.07501577585935593, 0.443090558052063, 0.15650761127471924, -0.19844433665275574, 0.052977945655584335, -0.01733480580151081, 0.013813098892569542, 0.1036469116806984, -0.012088797055184841, -0.09619025141000748, 0.04037214070558548, -0.1335720419883728, 0.05326950177550316, 0.1465781331062317, 0.06746756285429001, -0.10085747390985489, 0.16750362515449524, -0.05419398099184036, 0.06644872575998306, 0.12475728988647461, 0.08848413079977036, 0.0074785687029361725, -0.014444506727159023, -0.16455663740634918, 0.025085490196943283, 0.06280706822872162, -0.06943286210298538, -0.031555015593767166, 0.08118173480033875, -0.08166645467281342, 0.09547532349824905, 0.04491295665502548, -0.010466288775205612, -0.057436760514974594, 0.11376083642244339, -0.1356959193944931, -0.049591489136219025, 0.13415823876857758, -0.3197379410266876, 0.23698744177818298, 0.13173867762088776, -0.06597890704870224, 0.1591428518295288, 0.04622272029519081, 0.08650270104408264, 0.0003350870683789253, -0.1219332292675972, -0.1634182631969452, -0.13080990314483643, 0.07401636242866516, -0.002454148605465889, 0.15352000296115875, 0.075627401471138]"
8,asdf,"[-0.06925120204687119, 0.08245716989040375, 0.004895331803709269, -0.012581299990415573, -0.007615709211677313, -0.03341389819979668, 0.01634790748357773, -0.0889987200498581, 0.15897990763187408, -0.06572984158992767, 0.2165490984916687, 0.04235079884529114, -0.23784776031970978, -0.10564159601926804, -0.005204632878303528, 0.08311241865158081, -0.13714559376239777, -0.20563599467277527, -0.08415045589208603, -0.06958313286304474, 0.06361711025238037, 0.028003200888633728, -0.01927562616765499, 0.01721976511180401, -0.18679048120975494, -0.3384459614753723, -0.1376911848783493, -0.08363430947065353, -0.00859636440873146, -0.10506156831979752, 0.05969579145312309, 0.02185053378343582, -0.19940225780010223, -0.05731167644262314, 0.003528784029185772, 0.06755535304546356, -0.03854496031999588, -0.004437978845089674, 0.23887167870998383, 0.05452042073011398, -0.18691566586494446, -0.0275387242436409, 0.07059477269649506, 0.3228878080844879, 0.18253624439239502, 0.03205059841275215, -0.0136264618486166, -0.026066867634654045, 0.03778712451457977, -0.23353080451488495, 0.1294286847114563, 0.13717740774154663, 0.1368178427219391, 0.11155879497528076, 0.11258140206336975, -0.15249451994895935, -0.0023118536919355392, 0.1142042726278305, -0.23706580698490143, 0.05455195531249046, -0.010710795409977436, -0.11403973400592804, -0.024332931265234947, -0.01705057919025421, 0.18500640988349915, 0.08801442384719849, -0.08827900886535645, -0.10142360627651215, 0.20769786834716797, -0.17447307705879211, -0.05237118527293205, 0.09540992230176926, -0.07747453451156616, -0.20484238862991333, -0.348190575838089, 0.07014097273349762, 0.4488997161388397, 0.13881002366542816, -0.17187273502349854, 0.04133976995944977, -0.011463731527328491, -0.04839211329817772, 0.145552858710289, 0.02557601034641266, -0.06214830279350281, 0.017600499093532562, -0.10434490442276001, 0.08619032055139542, 0.17321571707725525, 0.05150775611400604, -0.13202381134033203, 0.14434023201465607, -0.037872809916734695, 0.046996526420116425, 0.122428297996521, 0.08479809761047363, -0.01375653874129057, 0.010921673849225044, -0.1589018851518631, 0.041644055396318436, 0.03224550187587738, -0.07615847885608673, -0.01905105635523796, 0.08347205817699432, -0.0658356100320816, 0.10808008909225464, 0.08778715878725052, -0.05637246370315552, -0.0805663987994194, 0.049766600131988525, -0.17077964544296265, -0.039878055453300476, 0.14860907196998596, -0.33656254410743713, 0.2440813183784485, 0.15143056213855743, -0.0941823422908783, 0.1578591912984848, 0.03727906942367554, 0.058180153369903564, -0.03730635717511177, -0.10306327044963837, -0.18658284842967987, -0.06628452241420746, 0.04307246580719948, 0.014695667661726475, 0.14214034378528595, 0.045895740389823914]"
9,asdf,"[-0.07237254083156586, 0.04365934059023857, 0.023528259247541428, -0.0165397971868515, 0.011707288213074207, -0.05071287602186203, 0.026885276660323143, -0.07681407779455185, 0.15919488668441772, -0.059181097894907, 0.16075940430164337, -0.02193891629576683, -0.2579008638858795, -0.09397150576114655, -0.007694202475249767, 0.07101212441921234, -0.1162237599492073, -0.2131260335445404, -0.07948478311300278, -0.08088382333517075, 0.05957699939608574, 0.020611818879842758, -0.017962468788027763, 0.02659393846988678, -0.20347261428833008, -0.3652311861515045, -0.11758240312337875, -0.05268654599785805, -0.03233411908149719, -0.10590560734272003, 0.0014510704204440117, 0.0586424320936203, -0.22274978458881378, -0.06692051887512207, 0.006463025696575642, 0.10478516668081284, -0.002215607790276408, 0.02179631218314171, 0.18605130910873413, 0.05052252113819122, -0.1766466647386551, -0.014269677922129631, 0.08517401665449142, 0.32188260555267334, 0.19556614756584167, 0.08106876909732819, -0.056580327451229095, -0.01986853964626789, 0.05040983855724335, -0.2528145909309387, 0.137883722782135, 0.15429876744747162, 0.1020733192563057, 0.07471839338541031, 0.11838378757238388, -0.12053117901086807, -0.02295486256480217, 0.11265771836042404, -0.226853147149086, 0.08005136251449585, 0.004689785651862621, -0.10785968601703644, -0.0472036749124527, -0.041634246706962585, 0.14901727437973022, 0.09466157853603363, -0.08753446489572525, -0.0858178436756134, 0.17941853404045105, -0.19953598082065582, -0.04879540577530861, 0.03357252478599548, -0.060265276581048965, -0.185649573802948, -0.35652539134025574, 0.062139250338077545, 0.39316439628601074, 0.130984365940094, -0.1833638846874237, 0.06868042796850204, 0.010173255577683449, -0.01847081631422043, 0.15874069929122925, 0.003210417926311493, -0.08669238537549973, 0.04127224534749985, -0.12401225417852402, 0.08210327476263046, 0.16776396334171295, 0.07282436639070511, -0.1020309180021286, 0.14481596648693085, -0.06462250649929047, 0.04105732589960098, 0.12673085927963257, 0.09338792413473129, -0.06491608917713165, -0.0030655874870717525, -0.20610785484313965, 0.008918029256165028, 0.08073435723781586, -0.07145938277244568, -0.020961277186870575, 0.10139050334692001, -0.08992229402065277, 0.1036595031619072, 0.06045789644122124, -0.05297599360346794, -0.040225885808467865, 0.04788548871874809, -0.16540996730327606, -0.05569123476743698, 0.12490618228912354, -0.3020491600036621, 0.20508867502212524, 0.15195845067501068, -0.08950307220220566, 0.13705159723758698, 0.04104887694120407, 0.044776931405067444, -0.022153522819280624, -0.05285220965743065, -0.17560631036758423, -0.08262263983488083, 0.05147343873977661, 0.021285641938447952, 0.13017280399799347, 0.0510668084025383]"
10,asdf,"[-0.07271039485931396, 0.05552895739674568, 0.01745639182627201, -0.019055640324950218, 0.014934432692825794, -0.041493985801935196, 0.033705830574035645, -0.08633878827095032, 0.1670459657907486, -0.09214739501476288, 0.22158832848072052, 0.023188266903162003, -0.2383086234331131, -0.11379863321781158, 0.007041473872959614, 0.05217791348695755, -0.14740274846553802, -0.19013643264770508, -0.09051123261451721, -0.048427119851112366, 0.044995762407779694, 0.019209247082471848, 0.003179214894771576, -0.008292485028505325, -0.22836560010910034, -0.3747473359107971, -0.1334364414215088, -0.035468827933073044, 0.0031411629170179367, -0.08114968240261078, 0.08058758080005646, 0.07324179261922836, -0.21762150526046753, -0.05080652981996536, -0.00771599356085062, 0.11527325212955475, -0.013708430342376232, 0.022539382800459862, 0.2244998961687088, 0.031692106276750565, -0.201821431517601, -0.02720024436712265, 0.05172713100910187, 0.3304796516895294, 0.17095807194709778, 0.023647531867027283, -0.031607091426849365, -0.02929745428264141, 0.04823450371623039, -0.235687717795372, 0.1422116607427597, 0.13921546936035156, 0.12338600307703018, 0.08600743114948273, 0.1185116246342659, -0.1152697503566742, 0.010164782404899597, 0.1307971030473709, -0.2292235940694809, 0.016906166449189186, -0.00661301426589489, -0.09456827491521835, -0.0005926564335823059, -0.015257628634572029, 0.14909662306308746, 0.07673384249210358, -0.06863056868314743, -0.104275181889534, 0.19854043424129486, -0.17339207231998444, -0.015974335372447968, 0.1017986387014389, -0.06767424941062927, -0.1849055290222168, -0.3693850636482239, 0.05824260041117668, 0.4306783974170685, 0.13925926387310028, -0.15274767577648163, 0.05582668259739876, -0.028275493532419205, -0.046344149857759476, 0.14948400855064392, 0.0008322026114910841, -0.08931604027748108, 0.03769350051879883, -0.1255030333995819, 0.10738789290189743, 0.1635182946920395, 0.07152654975652695, -0.1361609250307083, 0.13933062553405762, -0.021707847714424133, 0.02903076261281967, 0.13767103850841522, 0.05807121843099594, -0.051769062876701355, 0.006566701922565699, -0.18039104342460632, 0.018843960016965866, 0.07052982598543167, -0.06298907101154327, -0.007261278573423624, 0.12246546894311905, -0.08468295633792877, 0.14858725666999817, 0.07958555966615677, -0.04565102979540825, -0.0004185633733868599, 0.06893498450517654, -0.1414714753627777, -0.07716492563486099, 0.1275760382413864, -0.33276182413101196, 0.18571837246418, 0.12339694797992706, -0.10299219191074371, 0.16208603978157043, 0.03815612941980362, 0.07114312052726746, -0.06697957217693329, -0.053009022027254105, -0.17758610844612122, -0.056220654398202896, 0.034249499440193176, 0.019937828183174133, 0.15696687996387482, 0.038971688598394394]"
11,asdf,"[-0.05460585653781891, 0.06664029508829117, 0.02380054071545601, -0.0536094568669796, 0.004669547080993652, -0.0699128806591034, 0.0180805753916502, -0.09480985999107361, 0.16346284747123718, -0.07236051559448242, 0.20573154091835022, -0.011708838865160942, -0.264894962310791, -0.09661886096000671, -0.02877068892121315, 0.07067456841468811, -0.13456253707408905, -0.1671646535396576, -0.10088600218296051, -0.09874475747346878, 0.05066293105483055, 0.04817232862114906, 0.020970195531845093, 0.033181577920913696, -0.20555272698402405, -0.3575076758861542, -0.1375516951084137, -0.05397487431764603, -0.02721586637198925, -0.09318667650222778, 0.03180098161101341, 0.06816854327917099, -0.19146659970283508, -0.048815079033374786, -0.016997240483760834, 0.0863053947687149, -0.020296743139624596, -0.004354584030807018, 0.21745797991752625, 0.05144117400050163, -0.16681161522865295, -0.026438593864440918, 0.030828319489955902, 0.3293082118034363, 0.18861974775791168, 0.01670563593506813, -0.019748017191886902, -0.023096725344657898, 0.030584022402763367, -0.20604318380355835, 0.14114177227020264, 0.149674192070961, 0.10653363913297653, 0.05629229545593262, 0.0923653170466423, -0.09569889307022095, -0.011700963601469994, 0.1332230120897293, -0.2590125799179077, 0.027993332594633102, 0.02671157196164131, -0.13266584277153015, -0.03729792684316635, -0.020333321765065193, 0.1479700803756714, 0.10081034153699875, -0.08874025195837021, -0.08426864445209503, 0.21087700128555298, -0.19591209292411804, -0.00990980863571167, 0.0481228306889534, -0.07599975168704987, -0.18998083472251892, -0.33899766206741333, 0.06844773888587952, 0.4196930527687073, 0.14969868957996368, -0.16204576194286346, 0.055982556194067, -0.034284383058547974, -0.03459721431136131, 0.16066955029964447, -0.007430990692228079, -0.10941930115222931, 0.05790112167596817, -0.13495539128780365, 0.1228305920958519, 0.14088872075080872, 0.05512582138180733, -0.13899672031402588, 0.18070602416992188, -0.02034214697778225, 0.02741881273686886, 0.16105100512504578, 0.059458427131175995, -0.04831833392381668, 0.0007068491540849209, -0.17589613795280457, 0.06284799426794052, 0.06382104754447937, -0.10149721801280975, -0.014883236959576607, 0.07428823411464691, -0.04861889034509659, 0.12772724032402039, 0.08314348012208939, -0.058829598128795624, -0.0515211783349514, 0.04063473641872406, -0.1818559318780899, -0.09925278276205063, 0.161736860871315, -0.29830285906791687, 0.15295448899269104, 0.11992383748292923, -0.05794147774577141, 0.17887502908706665, 0.045328687876462936, 0.07471763342618942, -0.04469843953847885, -0.08865617215633392, -0.15659599006175995, -0.048107851296663284, 0.06775976717472076, 0.033915065228939056, 0.18811984360218048, 0.0637996569275856]"
12,asdf,"[-0.05852191150188446, 0.06383293122053146, 0.033673860132694244, -0.018082264810800552, 0.00020301504991948605, -0.051659196615219116, 0.013216322287917137, -0.08762569725513458, 0.15178091824054718, -0.0712655782699585, 0.2188187539577484, 0.034205302596092224, -0.25940993428230286, -0.09614019095897675, -0.013990727253258228, 0.07003984600305557, -0.13847289979457855, -0.1968497782945633, -0.05413353443145752, -0.08381224423646927, 0.0850825384259224, 0.06473398208618164, -0.018655791878700256, 0.001025436446070671, -0.21264556050300598, -0.3522038459777832, -0.13566696643829346, -0.06109476089477539, -0.02406212128698826, -0.08769163489341736, 0.07758460938930511, 0.0712846890091896, -0.19641849398612976, -0.04670552909374237, 0.016819406300783157, 0.06535827368497849, -0.02898934669792652, 0.00657789409160614, 0.22710148990154266, 0.0474536195397377, -0.1948128491640091, -0.030171986669301987, 0.08439446985721588, 0.3293594717979431, 0.16290178894996643, 0.021904677152633667, -0.03433845192193985, -0.015850763767957687, 0.023153195157647133, -0.2583647072315216, 0.11467921733856201, 0.15011946856975555, 0.13013002276420593, 0.10514599084854126, 0.11419738084077835, -0.11573942005634308, 0.014637654647231102, 0.11022193729877472, -0.2552456855773926, 0.044715870171785355, -0.0007282868027687073, -0.1406698375940323, -0.018765980377793312, -0.006472310051321983, 0.1491135209798813, 0.06327121704816818, -0.07354620099067688, -0.09972423315048218, 0.19086281955242157, -0.1856677234172821, -0.07251222431659698, 0.10556711256504059, -0.06067739427089691, -0.20790481567382812, -0.34258580207824707, 0.0640181452035904, 0.43485474586486816, 0.1609346866607666, -0.16203579306602478, 0.08334201574325562, -0.0015837975079193711, -0.04688890278339386, 0.1500927358865738, -0.0021884439047425985, -0.07280201464891434, 0.04114560782909393, -0.11421288549900055, 0.10786063224077225, 0.16955305635929108, 0.05579926446080208, -0.129094198346138, 0.18347495794296265, -0.02391033247113228, 0.06173023208975792, 0.14321269094944, 0.07890719920396805, -0.014738813042640686, 0.0057531846687197685, -0.17718492448329926, 0.02378877066075802, 0.07177881896495819, -0.06114603951573372, -0.0009679580107331276, 0.10325200110673904, -0.08811185508966446, 0.1394389569759369, 0.07244770228862762, -0.06300231069326401, -0.044199272990226746, 0.05384981632232666, -0.15054383873939514, -0.043510083109140396, 0.13338561356067657, -0.33345964550971985, 0.20617353916168213, 0.1403215229511261, -0.0821307897567749, 0.1609811633825302, 0.0347151979804039, 0.026059510186314583, -0.04537219554185867, -0.1250147521495819, -0.18930262327194214, -0.07952844351530075, 0.06299847364425659, 0.006862284615635872, 0.1446041464805603, 0.03839549794793129]"
13,asdf,"[-0.05634443461894989, 0.08367195725440979, 0.02316071279346943, -0.028266645967960358, -0.023763809353113174, -0.08018460124731064, 0.004388816654682159, -0.1240060105919838, 0.146542027592659, -0.09166057407855988, 0.2247055619955063, 0.013461755588650703, -0.2338312864303589, -0.11450396478176117, -0.03516053408384323, 0.07902205735445023, -0.13568830490112305, -0.21315737068653107, -0.07334520667791367, -0.06671382486820221, 0.03849128261208534, 0.03669547289609909, -0.002624788321554661, 0.003768403083086014, -0.17214591801166534, -0.33937397599220276, -0.16179418563842773, -0.0612126886844635, -0.0039043445140123367, -0.08990348875522614, 0.041947972029447556, 0.05636488273739815, -0.1903941035270691, -0.06341969966888428, 0.0013007894158363342, 0.0771741271018982, -0.03555529937148094, 0.022109411656856537, 0.2051878124475479, 0.03358038514852524, -0.18536032736301422, -0.01512051559984684, 0.06229989975690842, 0.32944104075431824, 0.18169640004634857, 0.0271993950009346, -0.03447970375418663, -0.04191486909985542, 0.00016166199930012226, -0.22841237485408783, 0.131279855966568, 0.14985539019107819, 0.117131307721138, 0.10672784596681595, 0.10134696960449219, -0.1149970218539238, 0.0131035465747118, 0.1150018647313118, -0.23790039122104645, 0.02415180578827858, 0.030350737273693085, -0.12416607141494751, -0.022942572832107544, -0.010074383579194546, 0.1995314210653305, 0.10250634700059891, -0.0853179395198822, -0.09321685880422592, 0.2093098908662796, -0.19726884365081787, -0.05927906930446625, 0.05811295658349991, -0.06406893581151962, -0.1710081249475479, -0.35477346181869507, 0.06834091246128082, 0.4075247049331665, 0.14810922741889954, -0.16746173799037933, 0.06342262029647827, -0.02256002649664879, -0.01708979904651642, 0.14585889875888824, -0.01159835048019886, -0.09996616095304489, 0.0347297266125679, -0.13262008130550385, 0.07378128170967102, 0.14651678502559662, 0.04077490419149399, -0.11956901103258133, 0.1467001885175705, -0.026869693771004677, 0.050304513424634933, 0.16942736506462097, 0.07837086170911789, -0.02060858905315399, -0.016025327146053314, -0.19277219474315643, 0.0545935332775116, 0.03769974783062935, -0.09014162421226501, -0.035149458795785904, 0.10027406364679337, -0.04293198138475418, 0.12489215284585953, 0.07800965011119843, -0.06787677109241486, -0.07393637299537659, 0.04462176561355591, -0.14239098131656647, -0.07591696828603745, 0.14009982347488403, -0.3106612265110016, 0.2372349500656128, 0.13140536844730377, -0.07339466363191605, 0.16858984529972076, 0.05082201957702637, 0.06303475052118301, -0.07721730321645737, -0.10811902582645416, -0.15060941874980927, -0.07235602289438248, 0.0530116930603981, 0.002201816998422146, 0.14826816320419312, 0.05795229971408844]"
14,asdf,"[-0.0613839365541935, 0.0831584483385086, -0.012782759964466095, -0.025008050724864006, -0.021243050694465637, -0.06155886873602867, 0.022372683510184288, -0.059229426085948944, 0.18543295562267303, -0.051026634871959686, 0.21983963251113892, -0.00719029363244772, -0.23763695359230042, -0.09307816624641418, -0.01830126903951168, 0.09030210971832275, -0.15475481748580933, -0.1684354692697525, -0.06796739250421524, -0.06982997059822083, 0.06162111833691597, 0.037313248962163925, 0.011511403135955334, 0.01979299820959568, -0.18625114858150482, -0.3635264039039612, -0.13555651903152466, -0.06918978691101074, 0.0190366730093956, -0.11436963826417923, 0.039992496371269226, 0.060006897896528244, -0.19724245369434357, -0.05715183541178703, 0.010312864556908607, 0.06592167913913727, -0.028097685426473618, 0.02378174103796482, 0.2281613051891327, 0.0353178009390831, -0.19486850500106812, -0.03102238103747368, 0.07502737641334534, 0.31419438123703003, 0.1728820651769638, 0.07183901220560074, -0.037401970475912094, -0.026993120089173317, 0.0007849005050957203, -0.20392107963562012, 0.13613414764404297, 0.1628098338842392, 0.07906132936477661, 0.07769374549388885, 0.09447965025901794, -0.11260870844125748, -0.007861576974391937, 0.11589844524860382, -0.2517642378807068, 0.0214752946048975, 0.04531355947256088, -0.11534744501113892, -0.0543394535779953, -0.020236648619174957, 0.16279268264770508, 0.08989178389310837, -0.0779828131198883, -0.11123910546302795, 0.20653745532035828, -0.21384865045547485, -0.05125640332698822, 0.06042543053627014, -0.05508223921060562, -0.18780802190303802, -0.3627689778804779, 0.051416195929050446, 0.39689749479293823, 0.14899642765522003, -0.14002282917499542, 0.07279035449028015, 0.01814527064561844, -0.032698389142751694, 0.1590922623872757, 0.010125024244189262, -0.09866809844970703, 0.026826173067092896, -0.12831053137779236, 0.07738760858774185, 0.1300489604473114, 0.05795320123434067, -0.10786215960979462, 0.1267462521791458, -0.035191040486097336, 0.03178864344954491, 0.12792779505252838, 0.08701427280902863, -0.0396469347178936, -0.010328380391001701, -0.17512618005275726, 0.040157049894332886, 0.05863891541957855, -0.0796421468257904, -0.037725262343883514, 0.10740212351083755, -0.07562196254730225, 0.11965685337781906, 0.06973031908273697, -0.07937642931938171, -0.069922536611557, 0.06573929637670517, -0.13715685904026031, -0.06674616038799286, 0.129368856549263, -0.3066794276237488, 0.2193794995546341, 0.14183734357357025, -0.08346683531999588, 0.16524739563465118, 0.04177764058113098, 0.08062981069087982, -0.05548342317342758, -0.08472717553377151, -0.1896110326051712, -0.08969254791736603, 0.027359656989574432, 0.0075819361954927444, 0.1575354039669037, 0.050284940749406815]"
15,asdf,"[-0.05721062794327736, 0.06523154675960541, 0.0019290796481072903, -0.04176552593708038, -0.003938509151339531, -0.034124333411455154, 0.0006167367100715637, -0.04480208083987236, 0.18495260179042816, -0.09789259731769562, 0.18707039952278137, 0.06462938338518143, -0.2696637809276581, -0.11221127957105637, 0.015819065272808075, 0.07109211385250092, -0.11351843923330307, -0.19728779792785645, -0.07083746045827866, -0.05416899919509888, 0.07488325238227844, 0.04837678372859955, 0.028710832819342613, -0.008324433118104935, -0.1888550966978073, -0.37607917189598083, -0.13917507231235504, -0.06402859091758728, -0.015590437687933445, -0.0927295908331871, 0.03127424791455269, 0.07718318700790405, -0.1956275999546051, -0.03831525146961212, 0.0044199805706739426, 0.08997253328561783, -0.011992952786386013, 0.04709707200527191, 0.21964554488658905, 0.07570374011993408, -0.20053398609161377, -0.029136456549167633, 0.046589359641075134, 0.31500089168548584, 0.19694584608078003, 0.04350718855857849, -0.0349038764834404, -0.02225261740386486, 0.06145041435956955, -0.2698747217655182, 0.1743641197681427, 0.1474892795085907, 0.10980325192213058, 0.07799583673477173, 0.13755537569522858, -0.11400878429412842, -0.0009230915457010269, 0.11593948304653168, -0.2399931699037552, 0.06574490666389465, 0.009982329793274403, -0.1343379020690918, -0.08713828027248383, -0.035179924219846725, 0.15871873497962952, 0.11453638225793839, -0.09155294299125671, -0.12105495482683182, 0.1958630234003067, -0.19354809820652008, -0.046984512358903885, 0.09771201014518738, -0.09058600664138794, -0.15886478126049042, -0.35825884342193604, 0.05692224204540253, 0.37260034680366516, 0.13774482905864716, -0.15846465528011322, 0.062494754791259766, -0.0019981188233941793, -0.0037714028730988503, 0.13779135048389435, 0.0007235894445329905, -0.09567169100046158, 0.0196329727768898, -0.11711971461772919, 0.07347291707992554, 0.14944855868816376, 0.05058162659406662, -0.12770618498325348, 0.17206059396266937, -0.04095494747161865, 0.08430534601211548, 0.13915230333805084, 0.09175239503383636, -0.025098970159888268, -0.06447280943393707, -0.20159265398979187, 0.01075549516826868, 0.06757186353206635, -0.11381900310516357, -0.05075964331626892, 0.10218299180269241, -0.08097933232784271, 0.09798318147659302, 0.042243100702762604, -0.03309200704097748, -0.01291494257748127, 0.05559946224093437, -0.16914869844913483, -0.08097273856401443, 0.12116114795207977, -0.2981609106063843, 0.2238771617412567, 0.1369258165359497, -0.09705857187509537, 0.1303173452615738, 0.05278581380844116, 0.07459565997123718, -0.07076406478881836, -0.09122925996780396, -0.18169961869716644, -0.07806316018104553, 0.055287107825279236, 0.03510550409555435, 0.10608643293380737, 0.030385885387659073]"
16,asdf,"[-0.05697010084986687, 0.06863532215356827, -0.029559146612882614, 0.003433042671531439, -0.029575934633612633, -0.06966575235128403, -0.005204087123274803, -0.06843243539333344, 0.16782696545124054, -0.0693371444940567, 0.199805349111557, 0.004707963205873966, -0.2528553605079651, -0.0741969645023346, -0.03594013303518295, 0.06815589964389801, -0.14584994316101074, -0.1922374665737152, -0.061989448964595795, -0.08335073292255402, 0.0788128674030304, 0.04222699999809265, -0.015377526171505451, 0.013154415413737297, -0.17876672744750977, -0.35523155331611633, -0.13576215505599976, -0.08243197947740555, 0.020731113851070404, -0.1230524480342865, 0.02477984130382538, 0.06412605941295624, -0.18596310913562775, -0.07695412635803223, 0.01756034791469574, 0.08000507950782776, -0.005261155776679516, 0.03481152653694153, 0.22713543474674225, 0.030239826068282127, -0.1771797388792038, -0.005283530801534653, 0.0814414769411087, 0.33386164903640747, 0.20581090450286865, 0.07451310008764267, -0.045341625809669495, -0.03361455351114273, 0.03495597839355469, -0.23429381847381592, 0.14075827598571777, 0.16084551811218262, 0.12204473465681076, 0.09815537929534912, 0.0972108468413353, -0.13467469811439514, -0.0019172411412000656, 0.1248270645737648, -0.2436676174402237, 0.03742969036102295, 0.036973707377910614, -0.12923596799373627, -0.039075084030628204, -0.0035284124314785004, 0.1881893426179886, 0.07021200656890869, -0.06942495703697205, -0.09059807658195496, 0.2030399590730667, -0.21463167667388916, -0.05350176990032196, 0.05790156126022339, -0.05442602187395096, -0.17240019142627716, -0.32669907808303833, 0.053879473358392715, 0.40175697207450867, 0.14544054865837097, -0.14555341005325317, 0.11834325641393661, -0.002046925714239478, -0.0328482910990715, 0.14605262875556946, -0.019034741446375847, -0.09113167971372604, 0.01278742216527462, -0.1383347064256668, 0.08143459260463715, 0.14863581955432892, 0.0592920295894146, -0.085211381316185, 0.1357879936695099, -0.04263850301504135, 0.046367816627025604, 0.16624224185943604, 0.09569930285215378, -0.06336449086666107, -0.02789970487356186, -0.1679341197013855, 0.004647379741072655, 0.07220543920993805, -0.09379289299249649, -0.024905359372496605, 0.08955394476652145, -0.08992661535739899, 0.12728604674339294, 0.03715734928846359, -0.042252108454704285, -0.04832917079329491, 0.02586968243122101, -0.1056700274348259, -0.033833105117082596, 0.14760270714759827, -0.31521347165107727, 0.22874367237091064, 0.11276024580001831, -0.0968131273984909, 0.18316558003425598, 0.02979380264878273, 0.06466029584407806, -0.06694193929433823, -0.10029314458370209, -0.2145015150308609, -0.0864647701382637, 0.03494981303811073, 0.009923254139721394, 0.15261408686637878, 0.05453585460782051]"
17,asdf,"[-0.05417405068874359, 0.07950340211391449, -0.012370600365102291, -0.00342349405400455, -0.012333560734987259, -0.05590250343084335, 0.04400946944952011, -0.08607777953147888, 0.16424304246902466, -0.059813834726810455, 0.219282865524292, 0.006021919660270214, -0.27330252528190613, -0.08216650038957596, -0.034069836139678955, 0.09034571796655655, -0.1341838538646698, -0.220647931098938, -0.06833304464817047, -0.06958664208650589, 0.08481663465499878, 0.04061999171972275, -0.04096077010035515, 0.006626962684094906, -0.1753142774105072, -0.34052926301956177, -0.11814303696155548, -0.07735839486122131, -0.007380776107311249, -0.09708472341299057, 0.040029361844062805, 0.06670428067445755, -0.2074277251958847, -0.06151865795254707, 0.01660202443599701, 0.04759041965007782, 0.0030830390751361847, 0.02109289914369583, 0.22161799669265747, 0.0411628857254982, -0.18397654592990875, -0.027226407080888748, 0.09149394184350967, 0.33813872933387756, 0.16583967208862305, 0.04200143367052078, -0.04176437109708786, -0.029080502688884735, 0.00040476000867784023, -0.23084282875061035, 0.12761014699935913, 0.14704358577728271, 0.14249297976493835, 0.09587113559246063, 0.07581213861703873, -0.12421111762523651, 0.004373230040073395, 0.07822293788194656, -0.25968828797340393, 0.03502252697944641, 0.04371163994073868, -0.11235891282558441, -0.05597227066755295, -0.01779007539153099, 0.17519550025463104, 0.04639606550335884, -0.06917542964220047, -0.10124771296977997, 0.1880863457918167, -0.21120521426200867, -0.068196140229702, 0.052625205367803574, -0.06486588716506958, -0.18464837968349457, -0.33568015694618225, 0.05430152267217636, 0.3999069035053253, 0.14838527143001556, -0.16382074356079102, 0.10451795160770416, -0.009377342648804188, -0.04415475204586983, 0.14566072821617126, -0.022202668711543083, -0.0642492026090622, 0.043014563620090485, -0.13924185931682587, 0.09742674231529236, 0.1720520257949829, 0.03688643127679825, -0.09810303151607513, 0.1656055748462677, -0.03948656842112541, 0.011692682281136513, 0.1300583928823471, 0.08294332027435303, -0.016280673444271088, -0.003959960304200649, -0.16927288472652435, 0.012198450043797493, 0.06282573938369751, -0.06282003968954086, -0.02520473673939705, 0.09916740655899048, -0.10580211877822876, 0.10764972120523453, 0.05492280051112175, -0.04875272512435913, -0.051005858927965164, 0.026686230674386024, -0.14117908477783203, -0.06413497030735016, 0.1350497454404831, -0.29364749789237976, 0.20132116973400116, 0.12743407487869263, -0.07745204120874405, 0.13659930229187012, 0.021966474130749702, 0.03441412001848221, -0.04070454463362694, -0.10809705406427383, -0.2222355753183365, -0.08359085768461227, 0.06257153302431107, 0.0029618144035339355, 0.14117738604545593, 0.054602351039648056]"
18,asdf,"[-0.03177374601364136, 0.02630191668868065, 0.021382156759500504, 0.00027546356432139874, 0.012096008285880089, -0.06850621849298477, 0.04168739914894104, -0.0885273888707161, 0.1512647569179535, -0.0738057941198349, 0.25165778398513794, 0.013066733255982399, -0.2344200164079666, -0.12501265108585358, -0.015440156683325768, 0.07955960184335709, -0.10663169622421265, -0.1799968034029007, -0.10092170536518097, -0.08209078758955002, 0.06923958659172058, 0.03237750753760338, 0.01016439963132143, 0.013332478702068329, -0.21215274930000305, -0.34909892082214355, -0.1317148357629776, -0.06775476783514023, -0.03574417531490326, -0.1384267508983612, 0.030251288786530495, 0.08744818717241287, -0.20420241355895996, -0.07661973685026169, -0.008715438656508923, 0.0829608216881752, -0.024748021736741066, -0.002141742967069149, 0.223041370511055, 0.05278157815337181, -0.18220670521259308, 0.010140514932572842, 0.0518411248922348, 0.3405436873435974, 0.21752353012561798, -0.011516159400343895, -0.0338129922747612, 0.0024964651092886925, 0.03634365275502205, -0.2560129165649414, 0.11237624287605286, 0.11044710874557495, 0.12509219348430634, 0.09015936404466629, 0.09927771240472794, -0.10297227650880814, -0.029158463701605797, 0.13828279078006744, -0.23305967450141907, 0.05333824083209038, -0.0023518986999988556, -0.14542558789253235, -0.03268156200647354, -0.02594948373734951, 0.15072067081928253, 0.10249914973974228, -0.09331802278757095, -0.09116031974554062, 0.17845891416072845, -0.18896616995334625, -0.040851689875125885, 0.05961818993091583, -0.09457391500473022, -0.1960798054933548, -0.3580609858036041, 0.0793381780385971, 0.4145377576351166, 0.12038451433181763, -0.19313748180866241, 0.06429021805524826, -0.00616519246250391, -0.0018506920896470547, 0.15529614686965942, 0.00808626040816307, -0.03682841360569, 0.04179015010595322, -0.12029485404491425, 0.09893535077571869, 0.15104614198207855, 0.051471251994371414, -0.14601093530654907, 0.1727447807788849, -0.0695502758026123, 0.05413051322102547, 0.16087687015533447, 0.07019975036382675, -0.021236788481473923, 0.008964751847088337, -0.1831749677658081, 0.06945179402828217, 0.032777950167655945, -0.09501822292804718, -0.013512471690773964, 0.07995352149009705, -0.03680199757218361, 0.12133491784334183, 0.055665239691734314, -0.018279319629073143, -0.033884380012750626, 0.04056880623102188, -0.16057579219341278, -0.0508742481470108, 0.128450408577919, -0.32968848943710327, 0.21850503981113434, 0.13624674081802368, -0.087563656270504, 0.152922123670578, 0.03593667969107628, 0.05274052172899246, -0.04397542402148247, -0.05418051779270172, -0.19093936681747437, -0.039681240916252136, 0.04807009920477867, 0.021534763276576996, 0.14360490441322327, 0.038153424859046936]"
19,asdf,"[-0.07187224179506302, 0.06999292224645615, 0.037921711802482605, -0.027027713134884834, -0.011640661396086216, -0.1040164977312088, 0.014156313613057137, -0.06244354322552681, 0.09276182949542999, -0.014772643335163593, 0.21885934472084045, -0.007747778668999672, -0.2319926917552948, -0.13191001117229462, 0.018608082085847855, 0.042862385511398315, -0.12002327293157578, -0.1884172260761261, -0.07980687916278839, -0.04678183048963547, 0.04387705400586128, 0.03949616849422455, 0.024098746478557587, 0.019830606877803802, -0.18520958721637726, -0.35269010066986084, -0.11569768935441971, -0.05909737944602966, 0.015349889174103737, -0.1187145784497261, 0.04154732823371887, 0.07018544524908066, -0.22135820984840393, -0.07037438452243805, 0.015700222924351692, 0.10794059932231903, -0.00689620291814208, -0.00197749026119709, 0.22027646005153656, 0.009177666157484055, -0.18226054310798645, -0.029399454593658447, 0.05956238880753517, 0.33012256026268005, 0.1753205507993698, 0.005676592700183392, -0.013567870482802391, -0.03835885971784592, -0.0007868332322686911, -0.19683201611042023, 0.15402129292488098, 0.14594213664531708, 0.11486967653036118, 0.05385194718837738, 0.11407381296157837, -0.10092239081859589, 0.02032947912812233, 0.10366000235080719, -0.2381313592195511, 0.03246237710118294, 0.032721325755119324, -0.08570883423089981, -0.042295049875974655, -0.05171596258878708, 0.16405269503593445, 0.05369361862540245, -0.08100807666778564, -0.11434318125247955, 0.1581726372241974, -0.18824434280395508, -0.05163004249334335, 0.10502111166715622, -0.05658217892050743, -0.16358314454555511, -0.3675216734409332, 0.0608866848051548, 0.3701353371143341, 0.12648968398571014, -0.2246653437614441, 0.07937359064817429, -0.011231156066060066, -0.044760316610336304, 0.16954894363880157, 0.007469591218978167, -0.09529569745063782, 0.07378163188695908, -0.15751512348651886, 0.09872367978096008, 0.15020932257175446, 0.061455633491277695, -0.12370870262384415, 0.1241040751338005, -0.01026277244091034, 0.027863848954439163, 0.17148596048355103, 0.06334356963634491, -0.019553929567337036, -0.011727871373295784, -0.1902565360069275, 0.04922441393136978, 0.08495786041021347, -0.09334389865398407, -0.05813763290643692, 0.11122040450572968, -0.059598855674266815, 0.09936995804309845, 0.08436276018619537, -0.06997518241405487, -0.04344792291522026, 0.023171352222561836, -0.15652741491794586, -0.09378840774297714, 0.12529385089874268, -0.32840701937675476, 0.19136473536491394, 0.12194544076919556, -0.08043667674064636, 0.13406001031398773, 0.04906739294528961, 0.06863182783126831, -0.05628213286399841, -0.06782931089401245, -0.15373285114765167, -0.054362740367650986, 0.06006953865289688, 0.014644593000411987, 0.16166354715824127, 0.04241149500012398]"
